{
  "rmse_mean": 0.15404807925224304,
  "rmse_std": 0.006273688245835131,
  "mae_mean": 0.12444254010915756,
  "mae_std": 0.00594699367956093,
  "pearson_mean": 0.9039950370788574,
  "pearson_std": 0.013265425195044913,
  "spearman_mean": 0.8926727337800937,
  "spearman_std": 0.018199291130805803,
  "r2_mean": 0.7939885436363403,
  "r2_std": 0.02762009577731289,
  "overall_rmse": 0.1541757732629776,
  "overall_mae": 0.12444254010915756,
  "overall_pearson": 0.8954946994781494,
  "overall_spearman": 0.8936353249103756,
  "overall_r2": 0.8018527512091239,
  "runtime_sec": 0.0,
  "tanimoto_pearson": 0.855305115735379,
  "tanimoto_spearman": 0.8513878107306966
}