{
  "rmse_mean": 0.31320870518684385,
  "rmse_std": 0.019646563102068085,
  "mae_mean": 0.2690251648426056,
  "mae_std": 0.0277669578688433,
  "pearson_mean": 0.41384379267692567,
  "pearson_std": 0.0742981680089594,
  "spearman_mean": 0.3915506220285433,
  "spearman_std": 0.08348157703120854,
  "r2_mean": 0.15572686587068618,
  "r2_std": 0.06585447528525165,
  "overall_rmse": 0.31382426619529724,
  "overall_mae": 0.26902514696121216,
  "overall_pearson": 0.42685559391975403,
  "overall_spearman": 0.3984475037643439,
  "overall_r2": 0.17902698017051033,
  "runtime_sec": 7.3,
  "tanimoto_pearson": 0.855305115735379,
  "tanimoto_spearman": 0.8513878107306966
}