{
  "rmse_mean": 0.15417598485946654,
  "rmse_std": 0.0063844892519282735,
  "mae_mean": 0.12453396022319793,
  "mae_std": 0.005956533223185409,
  "pearson_mean": 0.9038351893424987,
  "pearson_std": 0.013072143250894817,
  "spearman_mean": 0.8931981871290011,
  "spearman_std": 0.017984932372936642,
  "r2_mean": 0.7936701879299637,
  "r2_std": 0.027657360616120896,
  "overall_rmse": 0.15430812537670135,
  "overall_mae": 0.12453395873308182,
  "overall_pearson": 0.8953267335891724,
  "overall_spearman": 0.8936743324979118,
  "overall_r2": 0.8015124006454597,
  "runtime_sec": 0.02,
  "tanimoto_pearson": 0.855305115735379,
  "tanimoto_spearman": 0.8513878107306966
}