{
  "rmse_mean": 0.7059079885482789,
  "rmse_std": 0.31968580726258355,
  "mae_mean": 0.634027624130249,
  "mae_std": 0.31257379805710617,
  "pearson_mean": 0.16612610816955567,
  "pearson_std": 0.7653137383632919,
  "spearman_mean": 0.15201259461077626,
  "spearman_std": 0.746472672280921,
  "r2_mean": -3.930378177206209,
  "r2_std": 3.4262669089649167,
  "overall_rmse": 0.780498206615448,
  "overall_pearson": 0.08608929812908173,
  "runtime_sec": 46.62
}