{
  "rmse_mean": 0.14018069803714753,
  "rmse_std": 0.006906769561440257,
  "mae_mean": 0.1149718776345253,
  "mae_std": 0.003440729608453566,
  "pearson_mean": 0.918023657798767,
  "pearson_std": 0.014333641171944056,
  "spearman_mean": 0.9035830337443818,
  "spearman_std": 0.02109294988414272,
  "r2_mean": 0.8285827470713182,
  "r2_std": 0.02872633138832472,
  "overall_rmse": 0.14035074412822723,
  "overall_mae": 0.11497187614440918,
  "overall_pearson": 0.9142453670501709,
  "overall_spearman": 0.9086187393997743,
  "overall_r2": 0.8357954309670876,
  "runtime_sec": 0.0,
  "tanimoto_pearson": 0.855305115735379,
  "tanimoto_spearman": 0.8513878107306966
}