{
  "rmse_mean": 0.15837399661540985,
  "rmse_std": 0.016954616135199527,
  "mae_mean": 0.11648045182228088,
  "mae_std": 0.01229921127959375,
  "pearson_mean": 0.8941938638687134,
  "pearson_std": 0.02277207383972781,
  "spearman_mean": 0.8548192994322598,
  "spearman_std": 0.04702319452370164,
  "r2_mean": 0.7832182457946051,
  "r2_std": 0.03815241814873201,
  "overall_rmse": 0.15927894413471222,
  "overall_mae": 0.11648044735193253,
  "overall_pearson": 0.8899455666542053,
  "overall_spearman": 0.8544997828683106,
  "overall_r2": 0.7885184222965651,
  "runtime_sec": 1.5,
  "tanimoto_pearson": 0.855305115735379,
  "tanimoto_spearman": 0.8513878107306966
}