{
  "rmse_mean": 0.30880832076072695,
  "rmse_std": 0.01642615877369883,
  "mae_mean": 0.26858493089675906,
  "mae_std": 0.020481601497257175,
  "pearson_mean": 0.4733546137809753,
  "pearson_std": 0.05256478402749873,
  "spearman_mean": 0.4719642953696822,
  "spearman_std": 0.04436450662274927,
  "r2_mean": 0.17989236972473244,
  "r2_std": 0.039889362839492154,
  "overall_rmse": 0.30924490094184875,
  "overall_mae": 0.2685849368572235,
  "overall_pearson": 0.47285982966423035,
  "overall_spearman": 0.4688772033528421,
  "overall_r2": 0.20281181040504037,
  "runtime_sec": 15.58,
  "tanimoto_pearson": 0.855305115735379,
  "tanimoto_spearman": 0.8513878107306966
}