{
  "rmse_mean": 0.32861379384994505,
  "rmse_std": 0.03172069354215068,
  "mae_mean": 0.2805035084486008,
  "mae_std": 0.02992042210026204,
  "pearson_mean": 0.3532923966646194,
  "pearson_std": 0.1261418534548273,
  "spearman_mean": 0.28514828345606125,
  "spearman_std": 0.13523911899535396,
  "r2_mean": 0.07402838467728885,
  "r2_std": 0.08585151650885506,
  "overall_rmse": 0.33014121651649475,
  "overall_mae": 0.280503511428833,
  "overall_pearson": 0.3315347731113434,
  "overall_spearman": 0.24940851353936488,
  "overall_r2": 0.09143646580133691,
  "runtime_sec": 17.87,
  "tanimoto_pearson": 0.855305115735379,
  "tanimoto_spearman": 0.8513878107306966
}