{
  "rmse_mean": 0.14212110936641692,
  "rmse_std": 0.009757589793467828,
  "mae_mean": 0.10765845477581024,
  "mae_std": 0.011288479853781726,
  "pearson_mean": 0.9192665696144104,
  "pearson_std": 0.009798947655965924,
  "spearman_mean": 0.8919236086896178,
  "spearman_std": 0.021306498740342808,
  "r2_mean": 0.8248844306557743,
  "r2_std": 0.026438745941963177,
  "overall_rmse": 0.14245568215847015,
  "overall_mae": 0.10765845328569412,
  "overall_pearson": 0.9115796089172363,
  "overall_spearman": 0.8841842365378947,
  "overall_r2": 0.8308331296861056,
  "runtime_sec": 4.8,
  "tanimoto_pearson": 0.855305115735379,
  "tanimoto_spearman": 0.8513878107306966
}