{
  "rmse_mean": 0.15588570535182952,
  "rmse_std": 0.0059347483611600855,
  "mae_mean": 0.12528454661369323,
  "mae_std": 0.007238196895890629,
  "pearson_mean": 0.901876938343048,
  "pearson_std": 0.01624683638675712,
  "spearman_mean": 0.8916015149678899,
  "spearman_std": 0.02181512818540416,
  "r2_mean": 0.7889192747303027,
  "r2_std": 0.028352602218036354,
  "overall_rmse": 0.15599863231182098,
  "overall_mae": 0.12528455257415771,
  "overall_pearson": 0.893025815486908,
  "overall_spearman": 0.8910510722361001,
  "overall_r2": 0.7971395368545304,
  "runtime_sec": 0.0,
  "tanimoto_pearson": 0.855305115735379,
  "tanimoto_spearman": 0.8513878107306966
}