{
  "rmse_mean": 0.22829562425613403,
  "rmse_std": 0.018003226518400552,
  "mae_mean": 0.18530526161193847,
  "mae_std": 0.017239358518302782,
  "pearson_mean": 0.9024072527885437,
  "pearson_std": 0.016497462042128534,
  "spearman_mean": 0.8916949514808298,
  "spearman_std": 0.024306787222969962,
  "r2_mean": 0.5423088257723974,
  "r2_std": 0.10133777370192477,
  "overall_rmse": 0.2290043830871582,
  "overall_mae": 0.18530525267124176,
  "overall_pearson": 0.8988850712776184,
  "overall_spearman": 0.8964806283627782,
  "overall_r2": 0.5628370017128627,
  "runtime_sec": 0.0,
  "tanimoto_pearson": 0.855305115735379,
  "tanimoto_spearman": 0.8513878107306966
}